{
  "red": {
    "mean": 101.10477669882249,
    "std": 69.49703700471319
  },
  "green": {
    "mean": 95.72606016302268,
    "std": 67.95343188901813
  },
  "blue": {
    "mean": 89.31854271053095,
    "std": 69.29182556841532
  }
}